company,title,location,department,employment_type,compensation,source,posted_date,first_seen_date,url,description_snippet
SpaceX,Financial Analyst,"Hawthorne, CA",Finance,,,greenhouse,2026-09-29,2026-08-01,https://boards.greenhouse.io/spacex/jobs/8660037002?gh_jid=8660037002,"<div class=""content-intro""><p>SpaceX was founded under the belief that a future where humanity is out exploring the stars is fundamentally more exciting than one where we are not. Today SpaceX is actively developing the technologies to make this possible, with the ultimate goal of&nbsp;enabling huma"
SpaceX,Sr. Financial Analyst,"Palo Alto, CA",Finance,,,greenhouse,2026-10-05,2026-10-06,https://boards.greenhouse.io/spacex/jobs/8507519002?gh_jid=8507519002,"<div class=""content-intro""><p>SpaceX was founded under the belief that a future where humanity is out exploring the stars is fundamentally more exciting than one where we are not. Today SpaceX is actively developing the technologies to make this possible, with the ultimate goal of&nbsp;enabling huma"
SpaceX,Sr. Financial Analyst,"Hawthorne, CA",Finance,,,greenhouse,2026-09-29,2026-07-17,https://boards.greenhouse.io/spacex/jobs/8525768002?gh_jid=8525768002,"<div class=""content-intro""><p>SpaceX was founded under the belief that a future where humanity is out exploring the stars is fundamentally more exciting than one where we are not. Today SpaceX is actively developing the technologies to make this possible, with the ultimate goal of&nbsp;enabling huma"
SpaceX,"Sr. Financial Analyst, Investor Relations","Hawthorne, CA",Finance,,,greenhouse,2026-09-29,2026-07-17,https://boards.greenhouse.io/spacex/jobs/8612940002?gh_jid=8612940002,"<div class=""content-intro""><p>SpaceX was founded under the belief that a future where humanity is out exploring the stars is fundamentally more exciting than one where we are not. Today SpaceX is actively developing the technologies to make this possible, with the ultimate goal of&nbsp;enabling huma"
Flexport,"Senior Financial Analyst, North America Sales & Operations Finance","San Francisco, California, United States",Finance,,,greenhouse,2026-08-28,2026-07-17,https://job-boards.greenhouse.io/flexport/jobs/8025116,"<div class=""content-intro""><h2><strong>About Flexport:&nbsp;</strong></h2> <p>At Flexport, we believe global trade can move the human race forward. That’s why it’s our mission to make global commerce so easy there will be more of it. We’re shaping the future of a $10T industry with solutions powered"
MongoDB,Senior Financial Analyst,Austin; New York City; Palo Alto; San Francisco,FP&A - G&A & Corporate,,,greenhouse,2026-10-09,2026-10-06,https://www.mongodb.com/careers/job/?gh_jid=8237572,"<p>MongoDB is seeking a Senior Financial Analyst, Financial Planning and Analysis (FP&amp;A) to grow our G&amp;A FP&amp;A team. You will be responsible for financial planning, forecasting, reporting, and partnering with the business to drive decision-making and resource planning. The Senior Analyst "
Okta,"Senior Financial Analyst, G&A ","San Francisco, California",FP&A-125,,,greenhouse,2026-09-21,2026-07-17,https://www.okta.com/company/careers/opportunity/8039368?gh_jid=8039368,"<div class=""content-intro""><p><strong>Secure Every Identity, from AI to Human<br><br></strong>Identity is the key to unlocking the potential of AI. Okta secures AI by building the trusted, neutral infrastructure that enables organizations to safely embrace this new era. This work requires a relentle"
Samsara,Senior Financial Analyst,Remote - US,Finance and Strategy,,,greenhouse,2026-09-25,2026-09-22,https://www.samsara.com/company/careers/roles/8209909?gh_jid=8209909,"<div class=""content-intro""><p><span style=""font-family: arial, helvetica, sans-serif;""><strong>Who we are</strong></span></p> <p><span style=""font-weight: 300; font-family: arial, helvetica, sans-serif;"">Samsara (NYSE: IOT) is the pioneer of the Connected Operations™ Cloud, which is a platform that "
Samsara,Senior Financial Analyst,Remote - US,Finance and Strategy,,,greenhouse,2026-09-25,2026-09-08,https://www.samsara.com/company/careers/roles/8156715?gh_jid=8156715,"<div class=""content-intro""><p><span style=""font-family: arial, helvetica, sans-serif;""><strong>Who we are</strong></span></p> <p><span style=""font-weight: 300; font-family: arial, helvetica, sans-serif;"">Samsara (NYSE: IOT) is the pioneer of the Connected Operations™ Cloud, which is a platform that "
Justworks,Financial Analyst ,"New York, New York",Corporate & Finance,,,greenhouse,2026-08-03,2026-07-17,https://boards.greenhouse.io/justworks/jobs/7980174?gh_jid=7980174,"<div class=""content-intro""><h1><strong>Who We Are</strong></h1> <p><span style=""font-weight: 400;"">At Justworks, you’ll enjoy a welcoming and casual environment, great benefits, wellness program offerings, company retreats, and the ability to interact with and learn from leaders in the startup commu"
Outreach,Senior Financial Analyst,"Seattle, WA",Finance,Full-Time,,lever,2026-09-04,2026-09-04,https://jobs.lever.co/outreach/f7020abe-4ddd-4878-a33f-5c410924b04d,"About Outreach Outreach, founded in 2014, is the only complete agentic AI platform for revenue teams. Outreach infuses agentic AI, conversation intelligence, and assistive AI to power hundreds of use cases across revenue motions. From new logo prospecting to expansions, deal acceleration, driving re"
Braze,"Financial Analyst II, FP&A",New York City,Finance,,,greenhouse,2026-09-30,2026-09-18,https://job-boards.greenhouse.io/braze/jobs/8196046,"<div class=""content-intro""><p>At Braze, we have found our people. We’re a genuinely approachable, exceptionally kind, and intensely passionate crew.</p> <p>We seek to ignite that passion by setting high standards, championing teamwork, and creating work-life harmony as we collectively navigate rapid"
Upstart,"Senior Financial Analyst, FP&A",United States | Remote,Finance & Capital Markets Department,,,greenhouse,2026-10-05,2026-10-05,https://careers.upstart.com/jobs?gh_jid=8255481,"<div class=""content-intro""><p><strong>About Upstart</strong></p> <p>At Upstart, we’re united by a mission that matters: to radically reduce the cost and complexity of borrowing for all Americans. Every day, we bring creativity, experimentation, and advanced AI to reshape access to credit, helping mi"
